group, subj_id, stage, trial, start, goal, path, length, RTs, keys, valid_keys, RT_tot, timestamp, datetime
A,120081,train,1,2,3,2 1 10 9 10 1 2 3,8,16366 810 478 473 704 399 400 360 440 664 616,37 37 37 40 38 38 39 39 39 40 32,1 2 4 5 7 8 10,21710,1551384635.594,Thu Feb 28 2019 15:10:35 GMT-0500 (Eastern Standard Time)
A,120081,train,2,6,9,6 7 8 9,4,2221 437 505 625 543,37 37 38 38 32,1 3 4,4331,1551384645.938,Thu Feb 28 2019 15:10:45 GMT-0500 (Eastern Standard Time)
A,120081,train,3,4,6,4 3 2 1 10 9 8 7 6,9,1433 481 454 360 521 455 825 679 1025 489 285 618,38 38 38 37 37 37 40 40 40 40 39 32,1 2 4 5 7 8 9 11,7625,1551384659.579,Thu Feb 28 2019 15:10:59 GMT-0500 (Eastern Standard Time)
A,120081,train,4,10,7,10 1 2 3 4 5 6 7,8,2112 1023 848 472 464 496 376 313 671,39 39 40 40 40 40 37 37 32,1 2 3 4 5 7 8,6775,1551384672.369,Thu Feb 28 2019 15:11:12 GMT-0500 (Eastern Standard Time)
A,120081,train,5,2,3,2 1 10 9 8 7 6 5 4 3,10,1790 631 496 470 506 416 575 442 446 408 504 560,37 37 37 40 40 40 39 39 39 38 38 32,1 2 4 5 6 7 8 10 11,7244,1551384685.627,Thu Feb 28 2019 15:11:25 GMT-0500 (Eastern Standard Time)
A,120081,train,6,2,3,2 1 10 9 8 7 6 5 4 3,10,1398 768 921 543 473 592 512 736 494 610,37 37 40 40 40 39 39 38 38 32,1 2 3 4 5 6 7 8 9,7047,1551384698.692,Thu Feb 28 2019 15:11:38 GMT-0500 (Eastern Standard Time)
A,120081,train,7,2,3,2 3,2,1629 527,40 32,1,2156,1551384706.867,Thu Feb 28 2019 15:11:46 GMT-0500 (Eastern Standard Time)
A,120081,train,8,10,7,10 9 8 7,4,703 623 585 576,40 40 40 32,1 2 3,2487,1551384715.371,Thu Feb 28 2019 15:11:55 GMT-0500 (Eastern Standard Time)
A,120081,train,9,4,5,4 5,2,8199 4057 1392,32 40 32,2,13648,1551384735.035,Thu Feb 28 2019 15:12:15 GMT-0500 (Eastern Standard Time)
A,120081,train,10,2,3,2 1 10 9 8 7 6 5 4 3,10,2295 529 816 552 496 688 440 449 518 505 607,37 37 40 40 40 39 39 39 38 38 32,1 2 3 4 5 6 7 9 10,7895,1551384748.945,Thu Feb 28 2019 15:12:28 GMT-0500 (Eastern Standard Time)
A,120081,train,11,2,3,2 3,2,475 502,40 32,1,977,1551384755.938,Thu Feb 28 2019 15:12:35 GMT-0500 (Eastern Standard Time)
A,120081,train,12,2,3,2 3,2,2273 504,40 32,1,2777,1551384764.73,Thu Feb 28 2019 15:12:44 GMT-0500 (Eastern Standard Time)
A,120081,train,13,4,5,4 3 2 1 10 9 8 7 6 5,10,677 663 496 416 463 432 433 480 448 664 481 567,38 38 38 37 37 37 40 40 40 39 39 32,1 2 4 5 7 8 9 10 11,6220,1551384776.962,Thu Feb 28 2019 15:12:56 GMT-0500 (Eastern Standard Time)
A,120081,train,14,4,5,4 5,2,435 576,40 32,1,1011,1551384783.986,Thu Feb 28 2019 15:13:03 GMT-0500 (Eastern Standard Time)
A,120081,train,15,9,5,9 10 1 2 3 4 5,7,639 1055 544 472 536 538 567 536,38 39 39 39 40 40 40 32,1 2 3 5 6 7,4887,1551384794.891,Thu Feb 28 2019 15:13:14 GMT-0500 (Eastern Standard Time)
A,120081,train,16,4,5,4 3 4 5,4,2216 778 182 433,38 40 40 32,1 2 3,3609,1551384804.515,Thu Feb 28 2019 15:13:24 GMT-0500 (Eastern Standard Time)
A,120081,train,17,4,5,4 5,2,560 432,40 32,1,992,1551384811.523,Thu Feb 28 2019 15:13:31 GMT-0500 (Eastern Standard Time)
A,120081,train,18,4,5,4 5,2,601 462,40 32,1,1063,1551384818.602,Thu Feb 28 2019 15:13:38 GMT-0500 (Eastern Standard Time)
A,120081,train,19,7,3,7 8 7 6 5 6 7 8 9 10 1 2 3,13,714 671 257 856 1833 815 438 393 513 712 768 473 559 591,38 40 39 39 37 37 38 38 38 39 39 39 40 32,1 2 3 4 5 6 7 8 9 10 11 13,9593,1551384834.209,Thu Feb 28 2019 15:13:54 GMT-0500 (Eastern Standard Time)
A,120081,train,20,2,3,2 3,2,584 492,40 32,1,1076,1551384841.305,Thu Feb 28 2019 15:14:01 GMT-0500 (Eastern Standard Time)
A,120081,train,21,4,5,4 5,2,410 416,40 32,1,826,1551384848.147,Thu Feb 28 2019 15:14:08 GMT-0500 (Eastern Standard Time)
A,120081,train,22,4,5,4 5,2,426 375,40 32,1,801,1551384854.963,Thu Feb 28 2019 15:14:14 GMT-0500 (Eastern Standard Time)
A,120081,train,23,4,5,4 5,2,471 361,40 32,1,832,1551384861.812,Thu Feb 28 2019 15:14:21 GMT-0500 (Eastern Standard Time)
A,120081,train,24,2,3,2 3,2,497 687,40 32,1,1184,1551384869.009,Thu Feb 28 2019 15:14:29 GMT-0500 (Eastern Standard Time)
A,120081,train,25,2,3,2 3,2,386 353,40 32,1,739,1551384875.763,Thu Feb 28 2019 15:14:35 GMT-0500 (Eastern Standard Time)
A,120081,train,26,10,7,10 1 10 9 10 1 2 3 4 5 6 7,12,651 1441 376 1313 798 433 984 2264 520 471 480 384 448 369 431 712,39 37 40 39 39 38 39 39 39 40 40 40 40 37 37 32,1 2 3 6 7 8 10 11 12 14 15,12075,1551384893.851,Thu Feb 28 2019 15:14:53 GMT-0500 (Eastern Standard Time)
A,120081,train,27,10,7,10 9 8 7 6 7,6,574 968 808 713 783 696 319,40 40 37 40 39 37 32,1 2 4 5 6,4861,1551384904.73,Thu Feb 28 2019 15:15:04 GMT-0500 (Eastern Standard Time)
A,120081,train,28,2,3,2 3,2,437 495,40 32,1,932,1551384911.675,Thu Feb 28 2019 15:15:11 GMT-0500 (Eastern Standard Time)
A,120081,train,29,7,3,7 8 9 10 1 2 1 10 9 8 7 6 5 4 3,15,794 656 550 753 424 479 1457 847 895 1065 407 633 529 661 457 601,38 38 38 39 39 39 37 37 40 40 40 39 39 38 38 32,1 2 3 4 5 7 8 9 10 11 12 13 14 15,11208,1551384928.899,Thu Feb 28 2019 15:15:28 GMT-0500 (Eastern Standard Time)
A,120081,train,30,4,5,4 5,2,513 421,40 32,1,934,1551384935.848,Thu Feb 28 2019 15:15:35 GMT-0500 (Eastern Standard Time)
A,120081,train,31,2,3,2 3,2,1380 376,40 32,1,1756,1551384943.618,Thu Feb 28 2019 15:15:43 GMT-0500 (Eastern Standard Time)
A,120081,train,32,10,7,10 1 2 3 4 5 6 7,8,658 879 666 557 458 577 455 647 641,39 39 40 40 40 40 37 37 32,1 2 3 4 5 7 8,5538,1551384955.179,Thu Feb 28 2019 15:15:55 GMT-0500 (Eastern Standard Time)
A,120081,train,33,10,7,10 9 8 7,4,409 463 465 504,40 40 40 32,1 2 3,1841,1551384963.035,Thu Feb 28 2019 15:16:03 GMT-0500 (Eastern Standard Time)
A,120081,train,34,6,1,6 5 6 7 8 9 10 1,8,1131 1182 335 1513 751 489 544 568,39 37 37 38 38 38 39 32,1 2 3 4 5 6 7,6513,1551384975.563,Thu Feb 28 2019 15:16:15 GMT-0500 (Eastern Standard Time)
A,120081,train,35,10,7,10 9 8 7,4,546 430 409 344,40 40 40 32,1 2 3,1729,1551384983.308,Thu Feb 28 2019 15:16:23 GMT-0500 (Eastern Standard Time)
A,120081,train,36,6,3,6 5 6 7 8 9 10 1 2 3,10,479 424 656 319 562 465 455 487 503 432 802 495,39 39 37 37 37 38 38 38 39 39 40 32,1 3 4 6 7 8 9 10 11,6079,1551384995.402,Thu Feb 28 2019 15:16:35 GMT-0500 (Eastern Standard Time)
A,120081,train,37,4,5,4 5,2,2064 560,40 32,1,2624,1551385004.043,Thu Feb 28 2019 15:16:44 GMT-0500 (Eastern Standard Time)
A,120081,train,38,3,9,3 2 3 4 5 6 7 8 9,9,546 1304 439 872 946 527 527 465 400 696,38 40 40 40 37 37 37 38 38 32,1 2 3 4 5 6 8 9,6722,1551385016.78,Thu Feb 28 2019 15:16:56 GMT-0500 (Eastern Standard Time)
A,120081,train,39,1,9,1 2 1 10 9,5,1139 705 392 799 529,39 37 37 40 32,1 2 3 4,3564,1551385026.355,Thu Feb 28 2019 15:17:06 GMT-0500 (Eastern Standard Time)
A,120081,train,40,4,6,4 5 4 3 2 1 10 9 8 7 6,11,1409 720 329 496 670 602 440 363 429 418 612 578,40 38 38 38 37 37 37 40 40 40 39 32,1 2 3 4 5 6 8 9 10 11,7066,1551385039.436,Thu Feb 28 2019 15:17:19 GMT-0500 (Eastern Standard Time)
A,120081,train,41,6,2,6 5 4 3 2,5,511 414 400 416 448 466,39 39 38 38 38 32,1 3 4 5,2655,1551385048.107,Thu Feb 28 2019 15:17:28 GMT-0500 (Eastern Standard Time)
A,120081,train,42,7,6,7 6,2,768 584,39 32,1,1352,1551385055.475,Thu Feb 28 2019 15:17:35 GMT-0500 (Eastern Standard Time)
A,120081,train,43,4,5,4 5,2,356 371,40 32,1,727,1551385062.216,Thu Feb 28 2019 15:17:42 GMT-0500 (Eastern Standard Time)
A,120081,train,44,4,2,4 3 2,3,521 481 480,38 38 32,1 2,1482,1551385069.716,Thu Feb 28 2019 15:17:49 GMT-0500 (Eastern Standard Time)
A,120081,train,45,4,5,4 5,2,334 399,40 32,1,733,1551385076.483,Thu Feb 28 2019 15:17:56 GMT-0500 (Eastern Standard Time)
A,120081,train,46,10,7,10 9 8 7,4,439 295 250 495 1767,40 40 40 86 32,1 2 3,3246,1551385085.745,Thu Feb 28 2019 15:18:05 GMT-0500 (Eastern Standard Time)
A,120081,train,47,4,5,4 5,2,575 422,40 32,1,997,1551385092.755,Thu Feb 28 2019 15:18:12 GMT-0500 (Eastern Standard Time)
A,120081,train,48,6,1,6 7 8 9 10 1,6,513 1591 504 407 699 511,37 38 38 38 39 32,1 2 3 4 5,4225,1551385102.995,Thu Feb 28 2019 15:18:22 GMT-0500 (Eastern Standard Time)
A,120081,train,49,10,7,10 9 8 7,4,450 224 175 408,40 40 40 32,1 2 3,1257,1551385110.265,Thu Feb 28 2019 15:18:30 GMT-0500 (Eastern Standard Time)
A,120081,train,50,9,7,9 10 1 2 3 4 5 6 7,9,653 846 1054 456 458 368 391 457 359 320 553,38 39 39 39 40 40 40 40 37 37 32,1 2 3 5 6 7 9 10,5915,1551385122.194,Thu Feb 28 2019 15:18:42 GMT-0500 (Eastern Standard Time)
A,120081,train,51,4,5,4 5,2,1458 383,40 32,1,1841,1551385130.05,Thu Feb 28 2019 15:18:50 GMT-0500 (Eastern Standard Time)
A,120081,train,52,4,5,4 5,2,472 352,40 32,1,824,1551385136.89,Thu Feb 28 2019 15:18:56 GMT-0500 (Eastern Standard Time)
A,120081,train,53,7,1,7 6 5 4 3 2 1,7,692 438 465 439 625 512 495 337 489,39 39 39 38 38 38 38 37 32,1 2 4 5 6 8,4492,1551385147.396,Thu Feb 28 2019 15:19:07 GMT-0500 (Eastern Standard Time)
A,120081,train,54,10,7,10 9 8 7,4,459 191 154 381,40 40 40 32,1 2 3,1185,1551385154.594,Thu Feb 28 2019 15:19:14 GMT-0500 (Eastern Standard Time)
A,120081,train,55,9,7,9 10 1 2 3 4 5 6 7,9,576 1079 897 673 440 382 1673 519 631,38 39 39 40 40 40 37 37 32,1 2 3 4 5 6 7 8,6870,1551385167.48,Thu Feb 28 2019 15:19:27 GMT-0500 (Eastern Standard Time)
A,120081,train,56,10,7,10 9 8 7,4,420 288 161 416,40 40 40 32,1 2 3,1285,1551385174.78,Thu Feb 28 2019 15:19:34 GMT-0500 (Eastern Standard Time)
A,120081,train,57,4,9,4 5 6 7 8 9,6,681 888 480 465 424 358 507,40 37 37 37 38 38 32,1 2 3 5 6,3803,1551385184.596,Thu Feb 28 2019 15:19:44 GMT-0500 (Eastern Standard Time)
A,120081,train,58,2,3,2 1 10 1 2 3,6,1234 480 480 625 215 367 521,37 37 37 39 39 40 32,1 2 4 5 6,3922,1551385194.531,Thu Feb 28 2019 15:19:54 GMT-0500 (Eastern Standard Time)
A,120081,train,59,2,3,2 3,2,529 409,40 32,1,938,1551385201.483,Thu Feb 28 2019 15:20:01 GMT-0500 (Eastern Standard Time)
A,120081,train,60,10,7,10 9 8 7,4,698 730 701 392,40 40 40 32,1 2 3,2521,1551385210.017,Thu Feb 28 2019 15:20:10 GMT-0500 (Eastern Standard Time)
A,120081,train,61,4,5,4 5,2,412 288,40 32,1,700,1551385216.739,Thu Feb 28 2019 15:20:16 GMT-0500 (Eastern Standard Time)
A,120081,train,62,10,3,10 9 8 7 6 5 4 3,8,429 653 522 575 457 472 503 360 520 616,40 40 40 39 39 39 40 38 38 32,1 2 3 4 5 8 9,5107,1551385227.866,Thu Feb 28 2019 15:20:27 GMT-0500 (Eastern Standard Time)
A,120081,train,63,4,5,4 5,2,402 496,40 32,1,898,1551385234.779,Thu Feb 28 2019 15:20:34 GMT-0500 (Eastern Standard Time)
A,120081,train,64,1,4,1 2 3 4,4,547 480 464 623 666,39 39 40 40 32,1 3 4,2780,1551385243.571,Thu Feb 28 2019 15:20:43 GMT-0500 (Eastern Standard Time)
A,120081,train,65,10,7,10 9 8 7,4,412 175 160 297,40 40 40 32,1 2 3,1044,1551385250.627,Thu Feb 28 2019 15:20:50 GMT-0500 (Eastern Standard Time)
A,120081,train,66,10,7,10 9 8 7,4,383 177 152 215,40 40 40 32,1 2 3,927,1551385257.568,Thu Feb 28 2019 15:20:57 GMT-0500 (Eastern Standard Time)
A,120081,train,67,4,5,4 5,2,416 174 145 784,40 40 40 32,1,1519,1551385265.098,Thu Feb 28 2019 15:21:05 GMT-0500 (Eastern Standard Time)
A,120081,train,68,6,1,6 7 8 9 10 1,6,486 456 856 529 439 616 536,37 37 38 38 38 39 32,1 3 4 5 6,3918,1551385275.033,Thu Feb 28 2019 15:21:15 GMT-0500 (Eastern Standard Time)
A,120081,train,69,7,1,7 8 9 10 1,5,684 817 462 634 542,38 38 38 39 32,1 2 3 4,3139,1551385284.185,Thu Feb 28 2019 15:21:24 GMT-0500 (Eastern Standard Time)
A,120081,train,70,3,9,3 4 5 6 7 8 9,7,576 527 816 432 439 337 426 501,40 40 37 37 37 38 38 32,1 2 3 4 6 7,4054,1551385294.248,Thu Feb 28 2019 15:21:34 GMT-0500 (Eastern Standard Time)
A,120081,train,71,10,7,10 9 8 7,4,597 167 152 360,40 40 40 32,1 2 3,1276,1551385301.538,Thu Feb 28 2019 15:21:41 GMT-0500 (Eastern Standard Time)
A,120081,train,72,2,5,2 3 4 5,4,388 463 361 434,40 40 40 32,1 2 3,1646,1551385309.198,Thu Feb 28 2019 15:21:49 GMT-0500 (Eastern Standard Time)
A,120081,train,73,2,3,2 3,2,366 545,40 32,1,911,1551385316.123,Thu Feb 28 2019 15:21:56 GMT-0500 (Eastern Standard Time)
A,120081,train,74,6,1,6 5 4 3 2 1,6,504 681 448 343 503 425 730 494,39 39 40 38 38 38 37 32,1 4 5 6 7,4128,1551385326.266,Thu Feb 28 2019 15:22:06 GMT-0500 (Eastern Standard Time)
A,120081,train,75,2,3,2 3,2,327 480,40 32,1,807,1551385333.106,Thu Feb 28 2019 15:22:13 GMT-0500 (Eastern Standard Time)
A,120081,train,76,2,3,2 3,2,1710 428,40 32,1,2138,1551385341.258,Thu Feb 28 2019 15:22:21 GMT-0500 (Eastern Standard Time)
A,120081,train,77,2,3,2 3,2,363 231,40 32,1,594,1551385347.864,Thu Feb 28 2019 15:22:27 GMT-0500 (Eastern Standard Time)
A,120081,train,78,7,1,7 8 9 10 1,5,895 400 280 767 568,38 38 38 39 32,1 2 3 4,2910,1551385356.786,Thu Feb 28 2019 15:22:36 GMT-0500 (Eastern Standard Time)
A,120081,train,79,10,7,10 9 8 7,4,425 174 154 335,40 40 40 32,1 2 3,1088,1551385363.89,Thu Feb 28 2019 15:22:43 GMT-0500 (Eastern Standard Time)
A,120081,train,80,2,3,2 3,2,332 318,40 32,1,650,1551385370.554,Thu Feb 28 2019 15:22:50 GMT-0500 (Eastern Standard Time)
A,120081,train,81,10,9,10 9,2,1195 656,40 32,1,1851,1551385378.417,Thu Feb 28 2019 15:22:58 GMT-0500 (Eastern Standard Time)
A,120081,train,82,4,5,4 5,2,902 751,40 32,1,1653,1551385386.083,Thu Feb 28 2019 15:23:06 GMT-0500 (Eastern Standard Time)
A,120081,train,83,4,5,4 5,2,528 305,40 32,1,833,1551385392.931,Thu Feb 28 2019 15:23:12 GMT-0500 (Eastern Standard Time)
A,120081,train,84,2,3,2 3,2,384 319,40 32,1,703,1551385399.65,Thu Feb 28 2019 15:23:19 GMT-0500 (Eastern Standard Time)
A,120081,train,85,4,7,4 5 6 7,4,688 175 153 1032 367 583,40 40 40 37 37 32,1 4 5,2998,1551385408.664,Thu Feb 28 2019 15:23:28 GMT-0500 (Eastern Standard Time)
A,120081,train,86,9,5,9 8 7 8 9 10 1 2 1 10 9 8 7 6 5,15,464 432 784 175 385 1135 649 504 415 241 183 545 311 311 426 815 585 544,40 40 38 38 38 39 39 39 37 37 37 40 40 40 40 39 39 32,1 2 3 4 5 6 7 9 10 12 13 14 16 17,8904,1551385423.579,Thu Feb 28 2019 15:23:43 GMT-0500 (Eastern Standard Time)
A,120081,train,87,4,5,4 5,2,384 409,40 32,1,793,1551385430.387,Thu Feb 28 2019 15:23:50 GMT-0500 (Eastern Standard Time)
A,120081,train,88,10,7,10 9 8 7,4,359 313 166 320,40 40 40 32,1 2 3,1158,1551385437.562,Thu Feb 28 2019 15:23:57 GMT-0500 (Eastern Standard Time)
A,120081,train,89,10,7,10 9 8 7,4,336 160 146 215,40 40 40 32,1 2 3,857,1551385444.435,Thu Feb 28 2019 15:24:04 GMT-0500 (Eastern Standard Time)
A,120081,train,90,10,7,10 9 8 7,4,338 149 145 193,40 40 40 32,1 2 3,825,1551385451.275,Thu Feb 28 2019 15:24:11 GMT-0500 (Eastern Standard Time)
A,120081,train,91,10,7,10 9 8 7,4,301 168 134 162,40 40 40 32,1 2 3,765,1551385458.067,Thu Feb 28 2019 15:24:18 GMT-0500 (Eastern Standard Time)
A,120081,train,92,9,1,9 8 7 6 5 4 3 2 1,9,492 383 664 408 431 344 385 390 538 743 633,40 40 39 39 39 38 38 38 38 37 32,1 2 3 4 6 7 8 10,5411,1551385469.491,Thu Feb 28 2019 15:24:29 GMT-0500 (Eastern Standard Time)
A,120081,train,93,9,3,9 8 7 6 7 8 9 10 1 2 3,11,338 445 697 1001 647 543 281 329 774 578 454 339 487,40 40 39 40 37 38 38 38 39 39 39 40 32,1 2 3 5 6 7 8 9 10 12,6913,1551385482.418,Thu Feb 28 2019 15:24:42 GMT-0500 (Eastern Standard Time)
A,120081,train,94,4,1,4 5 6 7 8 9 10 1,8,647 457 560 456 471 465 447 408 489 503,40 40 37 37 37 38 38 38 39 32,1 3 4 6 7 8 9,4903,1551385493.34,Thu Feb 28 2019 15:24:53 GMT-0500 (Eastern Standard Time)
A,120081,train,95,8,10,8 9 10,3,834 583 641,38 38 32,1 2,2058,1551385501.413,Thu Feb 28 2019 15:25:01 GMT-0500 (Eastern Standard Time)
A,120081,train,96,5,9,5 4 3 2 1 10 9,7,676 642 797 649 407 1072 616,38 38 38 37 37 40 32,1 2 3 4 5 6,4859,1551385512.29,Thu Feb 28 2019 15:25:12 GMT-0500 (Eastern Standard Time)
A,120081,train,97,3,2,3 2,2,529 561,38 32,1,1090,1551385519.395,Thu Feb 28 2019 15:25:19 GMT-0500 (Eastern Standard Time)
A,120081,train,98,6,3,6 5 4 3,4,445 415 527 586 495,39 39 38 38 32,1 3 4,2468,1551385527.898,Thu Feb 28 2019 15:25:27 GMT-0500 (Eastern Standard Time)
A,120081,train,99,3,10,3 2 3 4 5 4 5 6 7 8 9 10,12,569 1263 249 944 1127 736 384 408 897 487 480 441,38 40 40 40 38 40 37 37 38 38 38 32,1 2 3 4 5 6 7 8 9 10 11,7985,1551385541.899,Thu Feb 28 2019 15:25:41 GMT-0500 (Eastern Standard Time)
A,120081,train,100,4,9,4 5 6 7 8 9,6,1290 469 578 543 383 378 184 672,40 40 37 37 37 38 38 32,1 3 4 6 7,4497,1551385552.411,Thu Feb 28 2019 15:25:52 GMT-0500 (Eastern Standard Time)
A,120081,train,101,9,3,9 8 7 8 9 10 1 10 9 8 7 6 5 4 3,15,434 679 601 207 352 1191 1281 279 521 472 896 704 400 576 440 1072,40 40 38 38 38 39 37 37 40 40 40 39 39 38 38 32,1 2 3 4 5 6 7 9 10 11 12 13 14 15,10105,1551385568.531,Thu Feb 28 2019 15:26:08 GMT-0500 (Eastern Standard Time)
A,120081,train,102,1,10,1 2 3 4 5 6 7 8 9 10,10,1093 1477 968 1137 1263 558 746 385 383 536,39 40 40 40 37 37 38 38 38 32,1 2 3 4 5 6 7 8 9,8546,1551385583.09,Thu Feb 28 2019 15:26:23 GMT-0500 (Eastern Standard Time)
A,120081,train,103,6,1,6 5 4 3 2 1,6,1901 501 385 440 431 1209 536,39 39 38 38 38 37 32,1 3 4 5 6,5403,1551385594.506,Thu Feb 28 2019 15:26:34 GMT-0500 (Eastern Standard Time)
A,120081,test,1,10,7,10 9 8 7,4,570 159 152 353,40 40 40 32,1 2 3,1234,1551385601.755,Thu Feb 28 2019 15:26:41 GMT-0500 (Eastern Standard Time)
A,120081,test,2,10,8,10 9 8,3,393 536 904,40 40 32,1 2,1833,1551385609.602,Thu Feb 28 2019 15:26:49 GMT-0500 (Eastern Standard Time)
A,120081,test,3,2,7,2 1 10 9 8 7,6,538 887 640 409 175 352,37 37 40 40 40 32,1 2 3 4 5,3001,1551385618.617,Thu Feb 28 2019 15:26:58 GMT-0500 (Eastern Standard Time)
A,120081,test,4,10,7,10 9 8 7,4,458 168 136 160 432,40 40 40 40 32,1 2 3,1354,1551385625.987,Thu Feb 28 2019 15:27:05 GMT-0500 (Eastern Standard Time)
A,120081,test,5,10,7,10 9 8 7,4,460 135 135 393,40 40 40 32,1 2 3,1123,1551385633.122,Thu Feb 28 2019 15:27:13 GMT-0500 (Eastern Standard Time)
A,120081,test,6,4,6,4 5 6,3,2834 145 389 362 552,40 40 40 37 32,1 4,4282,1551385643.419,Thu Feb 28 2019 15:27:23 GMT-0500 (Eastern Standard Time)
A,120081,test,7,10,7,10 9 8 7,4,560 168 122 272,40 40 40 32,1 2 3,1122,1551385650.555,Thu Feb 28 2019 15:27:30 GMT-0500 (Eastern Standard Time)
A,120081,test,8,10,7,10 9 8 7,4,916 159 136 496,40 40 40 32,1 2 3,1707,1551385658.274,Thu Feb 28 2019 15:27:38 GMT-0500 (Eastern Standard Time)
A,120081,test,9,7,6,7 8 9 10 1 2 3 4 5 6,10,714 664 679 625 408 673 543 392 424 343 569,38 38 38 39 39 40 40 40 40 37 32,1 2 3 4 5 6 7 8 10,6034,1551385670.323,Thu Feb 28 2019 15:27:50 GMT-0500 (Eastern Standard Time)
A,120081,test,10,4,6,4 5 6,3,496 881 625,40 37 32,1 2,2002,1551385678.34,Thu Feb 28 2019 15:27:58 GMT-0500 (Eastern Standard Time)
A,120081,test,11,4,6,4 5 6,3,418 160 344,40 37 32,1 2,922,1551385685.275,Thu Feb 28 2019 15:28:05 GMT-0500 (Eastern Standard Time)
A,120081,test,12,4,6,4 5 6,3,591 135 433,40 37 32,1 2,1159,1551385692.452,Thu Feb 28 2019 15:28:12 GMT-0500 (Eastern Standard Time)
A,120081,test,13,4,6,4 5 6,3,604 127 673,40 37 32,1 2,1404,1551385699.867,Thu Feb 28 2019 15:28:19 GMT-0500 (Eastern Standard Time)
A,120081,test,14,1,3,1 2 3,3,1692 880 1007,39 40 32,1 2,3579,1551385709.458,Thu Feb 28 2019 15:28:29 GMT-0500 (Eastern Standard Time)
A,120081,test,15,10,7,10 9 8 7,4,522 144 131 125,40 40 40 32,1 2 3,922,1551385716.394,Thu Feb 28 2019 15:28:36 GMT-0500 (Eastern Standard Time)
A,120081,test,16,10,7,10 9 8 7,4,391 144 119 136,40 40 40 32,1 2 3,790,1551385723.203,Thu Feb 28 2019 15:28:43 GMT-0500 (Eastern Standard Time)
A,120081,test,17,4,6,4 5 6,3,1423 106 295,40 37 32,1 2,1824,1551385731.043,Thu Feb 28 2019 15:28:51 GMT-0500 (Eastern Standard Time)
A,120081,test,18,10,7,10 9 8 7,4,442 167 144 399,40 40 40 32,1 2 3,1152,1551385738.21,Thu Feb 28 2019 15:28:58 GMT-0500 (Eastern Standard Time)
A,120081,test,19,1,8,1 2 3 4 5 6 7 8,8,2506 432 594 359 375 383 490 183 369 383 593,40 39 39 40 40 40 37 37 37 38 32,2 4 5 6 7 8 10,6667,1551385750.891,Thu Feb 28 2019 15:29:10 GMT-0500 (Eastern Standard Time)
A,120081,test,20,4,6,4 5 6,3,1424 175 376,40 37 32,1 2,1975,1551385758.883,Thu Feb 28 2019 15:29:18 GMT-0500 (Eastern Standard Time)
A,120081,test,21,1,3,1 10 9 8 7 6 5 4 3,9,663 703 520 416 704 502 682 464 569,37 40 40 40 39 39 38 38 32,1 2 3 4 5 6 7 8,5223,1551385770.123,Thu Feb 28 2019 15:29:30 GMT-0500 (Eastern Standard Time)
A,120081,test,22,10,7,10 9 8 7,4,466 152 137 175,40 40 40 32,1 2 3,930,1551385777.066,Thu Feb 28 2019 15:29:37 GMT-0500 (Eastern Standard Time)
A,120081,test,23,8,5,8 7 6 5,4,1584 1078 825 608,40 39 39 32,1 2 3,4095,1551385787.179,Thu Feb 28 2019 15:29:47 GMT-0500 (Eastern Standard Time)
A,120081,test,24,1,3,1 2 3,3,2339 951 759,39 40 32,1 2,4049,1551385797.242,Thu Feb 28 2019 15:29:57 GMT-0500 (Eastern Standard Time)
A,120081,test,25,4,6,4 5 6,3,579 169 383,40 37 32,1 2,1131,1551385804.386,Thu Feb 28 2019 15:30:04 GMT-0500 (Eastern Standard Time)
A,120081,test,26,4,6,4 5 6,3,574 130 343,40 37 32,1 2,1047,1551385811.45,Thu Feb 28 2019 15:30:11 GMT-0500 (Eastern Standard Time)
A,120081,test,27,10,7,10 9 8 7,4,721 432 553 319,40 40 40 32,1 2 3,2025,1551385819.49,Thu Feb 28 2019 15:30:19 GMT-0500 (Eastern Standard Time)
A,120081,test,28,4,6,4 5 6,3,545 143 327,40 37 32,1 2,1015,1551385826.522,Thu Feb 28 2019 15:30:26 GMT-0500 (Eastern Standard Time)
A,120081,test,29,10,7,10 9 8 7,4,1282 192 160 176,40 40 40 32,1 2 3,1810,1551385834.346,Thu Feb 28 2019 15:30:34 GMT-0500 (Eastern Standard Time)
A,120081,test,30,10,7,10 9 8 7,4,473 167 120 177,40 40 40 32,1 2 3,937,1551385841.3,Thu Feb 28 2019 15:30:41 GMT-0500 (Eastern Standard Time)
A,120081,test,31,4,6,4 5 6,3,465 384 1448,40 37 32,1 2,2297,1551385849.611,Thu Feb 28 2019 15:30:49 GMT-0500 (Eastern Standard Time)
A,120081,test,32,1,3,1 10 1 2 3,5,399 886 337 1367 584,37 39 39 40 32,1 2 3 4,3573,1551385859.203,Thu Feb 28 2019 15:30:59 GMT-0500 (Eastern Standard Time)
A,120081,test,33,10,7,10 9 8 7,4,3211 127 112 167,40 40 40 32,1 2 3,3617,1551385868.842,Thu Feb 28 2019 15:31:08 GMT-0500 (Eastern Standard Time)
A,120081,test,34,10,7,10 9 8 7,4,397 153 128 144,40 40 40 32,1 2 3,822,1551385875.675,Thu Feb 28 2019 15:31:15 GMT-0500 (Eastern Standard Time)
A,120081,test,35,1,3,1 2 3,3,268 438 376,39 40 32,1 2,1082,1551385882.769,Thu Feb 28 2019 15:31:22 GMT-0500 (Eastern Standard Time)
A,120081,test,36,1,3,1 2 3,3,388 145 387,39 40 32,1 2,920,1551385889.702,Thu Feb 28 2019 15:31:29 GMT-0500 (Eastern Standard Time)
A,120081,test,37,1,3,1 2 3,3,439 143 384,39 40 32,1 2,966,1551385896.683,Thu Feb 28 2019 15:31:36 GMT-0500 (Eastern Standard Time)
A,120081,test,38,1,3,1 2 3,3,341 144 359,39 40 32,1 2,844,1551385903.538,Thu Feb 28 2019 15:31:43 GMT-0500 (Eastern Standard Time)
A,120081,test,39,1,3,1 2 3,3,663 101 304,39 40 32,1 2,1068,1551385910.619,Thu Feb 28 2019 15:31:50 GMT-0500 (Eastern Standard Time)
A,120081,test,40,4,6,4 5 6,3,418 103 201,40 37 32,1 2,722,1551385917.354,Thu Feb 28 2019 15:31:57 GMT-0500 (Eastern Standard Time)
A,120081,test,41,4,6,4 5 6,3,466 79 233,40 37 32,1 2,778,1551385924.146,Thu Feb 28 2019 15:32:04 GMT-0500 (Eastern Standard Time)
A,120081,test,42,10,7,10 9 8 7,4,499 154 127 226,40 40 40 32,1 2 3,1006,1551385931.164,Thu Feb 28 2019 15:32:11 GMT-0500 (Eastern Standard Time)
A,120081,test,43,10,7,10 9 8 7,4,462 152 118 145,40 40 40 32,1 2 3,877,1551385938.058,Thu Feb 28 2019 15:32:18 GMT-0500 (Eastern Standard Time)
A,120081,test,44,4,6,4 5 6,3,597 73 214,40 37 32,1 2,884,1551385944.954,Thu Feb 28 2019 15:32:24 GMT-0500 (Eastern Standard Time)
A,120081,test,45,4,6,4 5 6,3,344 79 152,40 37 32,1 2,575,1551385951.539,Thu Feb 28 2019 15:32:31 GMT-0500 (Eastern Standard Time)
A,120081,test,46,10,7,10 9 8 7,4,393 145 122 133,40 40 40 32,1 2 3,793,1551385958.347,Thu Feb 28 2019 15:32:38 GMT-0500 (Eastern Standard Time)
A,120081,test,47,6,1,6 7 8 9 10 1 2 1,8,1171 631 448 383 585 184 776 249,37 38 38 38 39 39 37 32,1 2 3 4 5 6 7,4427,1551385968.787,Thu Feb 28 2019 15:32:48 GMT-0500 (Eastern Standard Time)
A,120081,test,48,4,6,4 5 6,3,459 71 184,40 37 32,1 2,714,1551385975.515,Thu Feb 28 2019 15:32:55 GMT-0500 (Eastern Standard Time)
A,120081,test,49,9,10,9 10,2,395 272,38 32,1,667,1551385982.195,Thu Feb 28 2019 15:33:02 GMT-0500 (Eastern Standard Time)
A,120081,test,50,1,3,1 2 3,3,399 104 296 824 544 488,40 39 32 39 40 32,2 5,2655,1551385990.867,Thu Feb 28 2019 15:33:10 GMT-0500 (Eastern Standard Time)
A,120081,test,51,1,3,1 2 3,3,560 103 377,39 40 32,1 2,1040,1551385997.923,Thu Feb 28 2019 15:33:17 GMT-0500 (Eastern Standard Time)
A,120081,test,52,4,6,4 5 6,3,433 87 360,40 37 32,1 2,880,1551386004.818,Thu Feb 28 2019 15:33:24 GMT-0500 (Eastern Standard Time)
A,120081,test,53,7,6,7 8 9 10 1 2 3 4 5 6,10,947 496 960 672 384 601 439 358 721 521,38 38 38 39 39 40 40 40 37 32,1 2 3 4 5 6 7 8 9,6099,1551386016.931,Thu Feb 28 2019 15:33:36 GMT-0500 (Eastern Standard Time)
A,120081,test,54,4,6,4 5 6,3,381 87 321,40 37 32,1 2,789,1551386023.739,Thu Feb 28 2019 15:33:43 GMT-0500 (Eastern Standard Time)
A,120081,test,55,4,6,4 5 6,3,773 111 343,40 37 32,1 2,1227,1551386030.979,Thu Feb 28 2019 15:33:50 GMT-0500 (Eastern Standard Time)
A,120081,test,56,8,5,8 7 6 5,4,3165 3793 2272 438,40 39 39 32,1 2 3,9668,1551386046.658,Thu Feb 28 2019 15:34:06 GMT-0500 (Eastern Standard Time)
A,120081,test,57,10,7,10 9 8 7,4,372 166 145 192,40 40 40 32,1 2 3,875,1551386053.547,Thu Feb 28 2019 15:34:13 GMT-0500 (Eastern Standard Time)
A,120081,test,58,1,3,1 2 3,3,551 78 303,39 40 32,1 2,932,1551386060.491,Thu Feb 28 2019 15:34:20 GMT-0500 (Eastern Standard Time)
A,120081,test,59,6,1,6 5 6 7 8 9 10 1,8,2168 2361 398 2345 408 415 376 577 560,39 37 37 37 38 38 38 39 32,1 2 3 5 6 7 8,9608,1551386076.115,Thu Feb 28 2019 15:34:36 GMT-0500 (Eastern Standard Time)
A,120081,test,60,4,6,4 5 6,3,922 135 383,40 37 32,1 2,1440,1551386083.57,Thu Feb 28 2019 15:34:43 GMT-0500 (Eastern Standard Time)
A,120081,test,61,10,7,10 9 8 7,4,410 152 136 143,40 40 40 32,1 2 3,841,1551386090.425,Thu Feb 28 2019 15:34:50 GMT-0500 (Eastern Standard Time)
A,120081,test,62,4,6,4 5 6,3,396 88 288,40 37 32,1 2,772,1551386097.211,Thu Feb 28 2019 15:34:57 GMT-0500 (Eastern Standard Time)
A,120081,test,63,4,6,4 5 6,3,471 152 344,40 37 32,1 2,967,1551386104.275,Thu Feb 28 2019 15:35:04 GMT-0500 (Eastern Standard Time)
A,120081,test,64,7,3,7 8 9 10 1 2 3,7,7398 3612 2425 584 432 705 679,38 38 38 39 39 40 32,1 2 3 4 5 6,15835,1551386126.147,Thu Feb 28 2019 15:35:26 GMT-0500 (Eastern Standard Time)
A,120081,test,65,9,5,9 8 7 6 5,5,1250 464 512 1096 496,40 40 39 39 32,1 2 3 4,3818,1551386135.979,Thu Feb 28 2019 15:35:35 GMT-0500 (Eastern Standard Time)
A,120081,test,66,1,3,1 2 3,3,1275 126 411,39 40 32,1 2,1812,1551386143.804,Thu Feb 28 2019 15:35:43 GMT-0500 (Eastern Standard Time)
A,120081,test,67,1,3,1 2 3,3,396 134 231,39 40 32,1 2,761,1551386150.578,Thu Feb 28 2019 15:35:50 GMT-0500 (Eastern Standard Time)
A,120081,test,68,1,3,1 2 3,3,555 87 230,39 40 32,1 2,872,1551386157.465,Thu Feb 28 2019 15:35:57 GMT-0500 (Eastern Standard Time)
A,120081,test,69,10,7,10 9 8 7,4,547 167 137 198,40 40 40 32,1 2 3,1049,1551386164.529,Thu Feb 28 2019 15:36:04 GMT-0500 (Eastern Standard Time)
A,120081,test,70,1,3,1 2 3,3,782 103 224,39 40 32,1 2,1109,1551386171.651,Thu Feb 28 2019 15:36:11 GMT-0500 (Eastern Standard Time)
A,120081,test,71,1,3,1 2 3,3,553 102 201,39 40 32,1 2,856,1551386178.524,Thu Feb 28 2019 15:36:18 GMT-0500 (Eastern Standard Time)
A,120081,test,72,4,6,4 5 6,3,369 70 176,40 37 32,1 2,615,1551386185.154,Thu Feb 28 2019 15:36:25 GMT-0500 (Eastern Standard Time)
A,120081,test,73,1,3,1 2 3,3,290 57 215,39 40 32,1 2,562,1551386191.746,Thu Feb 28 2019 15:36:31 GMT-0500 (Eastern Standard Time)
A,120081,test,74,4,6,4 5 6,3,378 103 97,40 37 32,1 2,578,1551386198.339,Thu Feb 28 2019 15:36:38 GMT-0500 (Eastern Standard Time)
A,120081,test,75,8,1,8 7 6 5 4 3 2 3 4 5 6 7 8 9 10 1,16,466 3569 832 1223 664 499 438 470 408 193 344 488 273 374 473 1352 480 480 912 513,40 39 39 39 38 38 38 38 40 40 40 40 37 37 37 38 38 38 39 32,1 2 3 5 6 7 9 10 11 13 14 16 17 18 19,14451,1551386218.82,Thu Feb 28 2019 15:36:58 GMT-0500 (Eastern Standard Time)
A,120081,test,76,4,6,4 5 6,3,326 78 179,40 37 32,1 2,583,1551386225.419,Thu Feb 28 2019 15:37:05 GMT-0500 (Eastern Standard Time)
A,120081,test,77,1,3,1 2 3,3,465 103 615,39 40 32,1 2,1183,1551386232.618,Thu Feb 28 2019 15:37:12 GMT-0500 (Eastern Standard Time)
A,120081,test,78,1,3,1 2 3,3,349 128 201,39 40 32,1 2,678,1551386239.315,Thu Feb 28 2019 15:37:19 GMT-0500 (Eastern Standard Time)
A,120081,test,79,2,9,2 1 10 9,4,4997 687 2455 639,37 37 40 32,1 2 3,8778,1551386254.112,Thu Feb 28 2019 15:37:34 GMT-0500 (Eastern Standard Time)
A,120081,test,80,4,6,4 5 6,3,578 106 238,40 37 32,1 2,922,1551386261.048,Thu Feb 28 2019 15:37:41 GMT-0500 (Eastern Standard Time)
A,120081,test,81,10,7,10 9 8 7,4,426 184 152 295,40 40 40 32,1 2 3,1057,1551386268.12,Thu Feb 28 2019 15:37:48 GMT-0500 (Eastern Standard Time)
A,120081,test,82,4,6,4 5 6,3,306 71 250,40 37 32,1 2,627,1551386274.787,Thu Feb 28 2019 15:37:54 GMT-0500 (Eastern Standard Time)
A,120081,test,83,1,3,1 2 3,3,331 104 216,39 40 32,1 2,651,1551386281.459,Thu Feb 28 2019 15:38:01 GMT-0500 (Eastern Standard Time)
A,120081,test,84,10,7,10 9 8 7,4,440 159 145 184,40 40 40 32,1 2 3,928,1551386288.403,Thu Feb 28 2019 15:38:08 GMT-0500 (Eastern Standard Time)
A,120081,test,85,1,3,1 2 3,3,347 88 312,39 40 32,1 2,747,1551386295.162,Thu Feb 28 2019 15:38:15 GMT-0500 (Eastern Standard Time)
A,120081,test,86,10,7,10 9 8 7,4,434 167 144 153,40 40 40 32,1 2 3,898,1551386302.075,Thu Feb 28 2019 15:38:22 GMT-0500 (Eastern Standard Time)
A,120081,test,87,8,3,8 9 10 1 2 3,6,1687 2890 3236 1020 856 464,38 38 39 39 40 32,1 2 3 4 5,10153,1551386318.243,Thu Feb 28 2019 15:38:38 GMT-0500 (Eastern Standard Time)
A,120081,test,88,10,7,10 9 8 7,4,458 175 137 142,40 40 40 32,1 2 3,912,1551386325.169,Thu Feb 28 2019 15:38:45 GMT-0500 (Eastern Standard Time)
A,120081,test,89,10,7,10 9 8 7,4,366 174 128 128,40 40 40 32,1 2 3,796,1551386331.978,Thu Feb 28 2019 15:38:51 GMT-0500 (Eastern Standard Time)
A,120081,test,90,10,7,10 9 8 7,4,372 159 142 178,40 40 40 32,1 2 3,851,1551386338.843,Thu Feb 28 2019 15:38:58 GMT-0500 (Eastern Standard Time)
A,120081,test,91,10,7,10 9 8 7,4,420 159 136 143,40 40 40 32,1 2 3,858,1551386345.713,Thu Feb 28 2019 15:39:05 GMT-0500 (Eastern Standard Time)
A,120081,test,92,10,7,10 9 8 7,4,414 150 143 153,40 40 40 32,1 2 3,860,1551386352.587,Thu Feb 28 2019 15:39:12 GMT-0500 (Eastern Standard Time)
A,120081,test,93,10,7,10 9 8 7,4,350 160 127 176,40 40 40 32,1 2 3,813,1551386359.419,Thu Feb 28 2019 15:39:19 GMT-0500 (Eastern Standard Time)
A,120081,test,94,6,1,6 7 6 5 4 3 2 1,8,1090 630 1816 305 728 479 409 928 1234,37 37 39 39 38 38 38 37 32,1 3 4 5 6 7 8,7619,1551386373.053,Thu Feb 28 2019 15:39:33 GMT-0500 (Eastern Standard Time)
A,120081,test,95,4,6,4 5 6,3,431 71 160,40 37 32,1 2,662,1551386379.731,Thu Feb 28 2019 15:39:39 GMT-0500 (Eastern Standard Time)
A,120081,test,96,10,7,10 9 8 7,4,432 145 128 128,40 40 40 32,1 2 3,833,1551386386.579,Thu Feb 28 2019 15:39:46 GMT-0500 (Eastern Standard Time)
A,120081,test,97,4,6,4 5 6,3,505 79 192,40 37 32,1 2,776,1551386393.371,Thu Feb 28 2019 15:39:53 GMT-0500 (Eastern Standard Time)
A,120081,test,98,1,3,1 2 3,3,380 56 254,39 40 32,1 2,690,1551386400.073,Thu Feb 28 2019 15:40:00 GMT-0500 (Eastern Standard Time)
A,120081,test,99,1,3,1 2 3,3,371 56 272,39 40 32,1 2,699,1551386406.787,Thu Feb 28 2019 15:40:06 GMT-0500 (Eastern Standard Time)
A,120081,test,100,4,6,4 5 6,3,499 96 142,40 37 32,1 2,737,1551386413.545,Thu Feb 28 2019 15:40:13 GMT-0500 (Eastern Standard Time)
A,120081,test,101,10,7,10 9 8 7,4,422 159 152 160,40 40 40 32,1 2 3,893,1551386420.452,Thu Feb 28 2019 15:40:20 GMT-0500 (Eastern Standard Time)
A,120081,test,102,10,7,10 9 8 7,4,464 150 145 144,40 40 40 32,1 2 3,903,1551386427.37,Thu Feb 28 2019 15:40:27 GMT-0500 (Eastern Standard Time)
A,120081,test,103,10,6,10 1 2 3 4 5 6,7,1977 2959 833 463 488 769 480,39 39 40 40 40 37 32,1 2 3 4 5 6,7969,1551386441.355,Thu Feb 28 2019 15:40:41 GMT-0500 (Eastern Standard Time)
A,120081,test,104,10,7,10 9 8 7,4,323 167 145 135,40 40 40 32,1 2 3,770,1551386448.139,Thu Feb 28 2019 15:40:48 GMT-0500 (Eastern Standard Time)
A,120081,test,105,1,3,1 2 3,3,713 23 185,39 40 32,1 2,921,1551386455.075,Thu Feb 28 2019 15:40:55 GMT-0500 (Eastern Standard Time)
A,120081,test,106,10,7,10 9 8 7,4,1036 166 137 127,40 40 40 32,1 2 3,1466,1551386462.554,Thu Feb 28 2019 15:41:02 GMT-0500 (Eastern Standard Time)
A,120081,test,107,4,6,4 5 6,3,1488 89 143,40 37 32,1 2,1720,1551386470.29,Thu Feb 28 2019 15:41:10 GMT-0500 (Eastern Standard Time)
A,120081,test,108,10,7,10 9 8 7,4,494 151 136 152,40 40 40 32,1 2 3,933,1551386477.242,Thu Feb 28 2019 15:41:17 GMT-0500 (Eastern Standard Time)
A,120081,test,109,7,6,7 6,2,3921 1447,39 32,1,5368,1551386488.625,Thu Feb 28 2019 15:41:28 GMT-0500 (Eastern Standard Time)
A,120081,test,110,4,6,4 5 6,3,7806 37 234,40 37 32,1 2,8077,1551386502.715,Thu Feb 28 2019 15:41:42 GMT-0500 (Eastern Standard Time)
A,120081,test,111,10,7,10 9 8 7,4,3020 159 136 160,40 40 40 32,1 2 3,3475,1551386512.203,Thu Feb 28 2019 15:41:52 GMT-0500 (Eastern Standard Time)
A,120081,test,112,10,7,10 9 8 7,4,760 159 128 127,40 40 40 32,1 2 3,1174,1551386519.393,Thu Feb 28 2019 15:41:59 GMT-0500 (Eastern Standard Time)
A,120081,test,113,1,3,1 2 3,3,364 17 614,39 40 32,1 2,995,1551386526.401,Thu Feb 28 2019 15:42:06 GMT-0500 (Eastern Standard Time)
A,120081,test,114,1,3,1 2 3,3,417 94 145,39 40 32,1 2,656,1551386533.074,Thu Feb 28 2019 15:42:13 GMT-0500 (Eastern Standard Time)
A,120081,test,115,1,3,1 2 3,3,561 96 216,39 40 32,1 2,873,1551386539.962,Thu Feb 28 2019 15:42:19 GMT-0500 (Eastern Standard Time)
A,120081,test,116,1,3,1 2 3,3,629 95 127,39 40 32,1 2,851,1551386546.824,Thu Feb 28 2019 15:42:26 GMT-0500 (Eastern Standard Time)
A,120081,test,117,1,3,1 2 3,3,479 96 104,39 40 32,1 2,679,1551386553.515,Thu Feb 28 2019 15:42:33 GMT-0500 (Eastern Standard Time)
A,120081,test,118,4,6,4 5 6,3,432 96 168,40 37 32,1 2,696,1551386560.228,Thu Feb 28 2019 15:42:40 GMT-0500 (Eastern Standard Time)
A,120081,test,119,6,5,6 7 6 7 8 9 10 1 2 3 4 5,12,3012 5618 534 2848 1032 471 224 489 400 384 414 434 384 329 511,37 39 32 37 38 38 38 38 39 39 39 40 40 40 32,1 2 4 5 6 7 9 10 12 13 14,17084,1551386583.331,Thu Feb 28 2019 15:43:03 GMT-0500 (Eastern Standard Time)
A,120081,test,120,1,3,1 2 3,3,1417 78 161,39 40 32,1 2,1656,1551386591.003,Thu Feb 28 2019 15:43:11 GMT-0500 (Eastern Standard Time)
A,120081,test,121,10,7,10 9 8 7,4,2168 185 111 832,40 40 40 32,1 2 3,3296,1551386600.315,Thu Feb 28 2019 15:43:20 GMT-0500 (Eastern Standard Time)
A,120081,test,122,10,7,10 9 8 7,4,1242 166 152 840,40 40 40 32,1 2 3,2400,1551386608.73,Thu Feb 28 2019 15:43:28 GMT-0500 (Eastern Standard Time)
A,120081,test,123,10,7,10 9 8 7,4,627 185 136 184,40 40 40 32,1 2 3,1132,1551386615.874,Thu Feb 28 2019 15:43:35 GMT-0500 (Eastern Standard Time)
A,120081,test,124,4,6,4 5 6,3,777 71 281,40 37 32,1 2,1129,1551386623.018,Thu Feb 28 2019 15:43:43 GMT-0500 (Eastern Standard Time)
A,120081,test,125,1,3,1 2 3,3,382 93 289,39 40 32,1 2,764,1551386629.795,Thu Feb 28 2019 15:43:49 GMT-0500 (Eastern Standard Time)
A,120081,test,126,1,3,1 2 3,3,376 54 216,39 40 32,1 2,646,1551386636.458,Thu Feb 28 2019 15:43:56 GMT-0500 (Eastern Standard Time)
A,120081,test,127,1,3,1 2 3,3,374 56 151,39 40 32,1 2,581,1551386643.049,Thu Feb 28 2019 15:44:03 GMT-0500 (Eastern Standard Time)
A,120081,test,128,4,6,4 5 6,3,414 71 81,40 37 32,1 2,566,1551386649.627,Thu Feb 28 2019 15:44:09 GMT-0500 (Eastern Standard Time)
A,120081,test,129,4,6,4 5 6,3,307 81 88,40 37 32,1 2,476,1551386656.115,Thu Feb 28 2019 15:44:16 GMT-0500 (Eastern Standard Time)
A,120081,test,130,10,7,10 9 8 7,4,412 158 147 165,40 40 40 32,1 2 3,882,1551386663.01,Thu Feb 28 2019 15:44:23 GMT-0500 (Eastern Standard Time)
A,120081,test,131,10,7,10 9 8 7,4,330 160 136 121,40 40 40 32,1 2 3,747,1551386669.77,Thu Feb 28 2019 15:44:29 GMT-0500 (Eastern Standard Time)
A,120081,test,132,4,6,4 5 6,3,645 110 359,40 37 32,1 2,1114,1551386676.897,Thu Feb 28 2019 15:44:36 GMT-0500 (Eastern Standard Time)
A,120081,test,133,1,3,1 2 3,3,1048 65 224,39 40 32,1 2,1337,1551386684.25,Thu Feb 28 2019 15:44:44 GMT-0500 (Eastern Standard Time)
A,120081,test,134,7,9,7 8 9,3,659 398 424,38 38 32,1 2,1481,1551386691.747,Thu Feb 28 2019 15:44:51 GMT-0500 (Eastern Standard Time)
A,120081,test,135,1,3,1 2 3,3,354 64 217,39 40 32,1 2,635,1551386698.395,Thu Feb 28 2019 15:44:58 GMT-0500 (Eastern Standard Time)
A,120081,test,136,1,3,1 2 3,3,335 56 183,39 40 32,1 2,574,1551386704.995,Thu Feb 28 2019 15:45:04 GMT-0500 (Eastern Standard Time)
A,120081,test,137,4,6,4 5 6,3,310 106 74,40 37 32,1 2,490,1551386711.499,Thu Feb 28 2019 15:45:11 GMT-0500 (Eastern Standard Time)
A,120081,test,138,1,3,1 2 3,3,362 62 137,39 40 32,1 2,561,1551386718.074,Thu Feb 28 2019 15:45:18 GMT-0500 (Eastern Standard Time)
A,120081,test,139,1,3,1 2 3,3,318 40 160,39 40 32,1 2,518,1551386724.611,Thu Feb 28 2019 15:45:24 GMT-0500 (Eastern Standard Time)
A,120081,test,140,4,6,4 5 6,3,250 135 111,40 37 32,1 2,496,1551386731.121,Thu Feb 28 2019 15:45:31 GMT-0500 (Eastern Standard Time)
A,120081,test,141,1,3,1 2 3,3,678 40 119,39 40 32,1 2,837,1551386737.97,Thu Feb 28 2019 15:45:37 GMT-0500 (Eastern Standard Time)
A,120081,test,142,4,6,4 5 6,3,430 110 679,40 37 32,1 2,1219,1551386745.2,Thu Feb 28 2019 15:45:45 GMT-0500 (Eastern Standard Time)
A,120081,test,143,6,1,6 7 8 9 10 1,6,1534 1192 464 608 479 321 447 296 512,40 37 37 38 38 38 38 39 32,2 4 5 6 8,5853,1551386757.066,Thu Feb 28 2019 15:45:57 GMT-0500 (Eastern Standard Time)
